{
    "osmo": 0.003040,
    "juno": 0.001610,
    "stars": 0.001254,
    "evmos": 0.001556,
    "kujira": 0.021666,
    "tori": 0.012644
}

