{
    "osmo":     0.001570,
    "juno":     0.000880,
    "stars":    0.000720,
    "evmos":    0.000800,
    "kuji":     0.012150,
    "tori":     0.004140,
    "atom":     0.038520,
    "jkl":      0.017340,
    "rebus":    0.009549,
    "huahua":   0.014950,
    "strd":     0.098810
}

