{
    "osmo":     0.001600,
    "juno":     0.000900,
    "stars":    0.000740,
    "evmos":    0.000800,
    "kuji":     0.013360,
    "tori":     0.003690,
    "atom":     0.051650,
    "jkl":      0.014660,
    "rebus":    0.007810,
    "huahua":   0.014660,
    "strd":     0.094690
}

