{
    "osmo": 0.01341,
    "juno": 0.00357,
    "stars": 0.00262,
    "evmos": 0.00303
}

