{
    "osmo":     0.001560,
    "juno":     0.000870,
    "stars":    0.000700,
    "evmos":    0.000800,
    "kuji":     0.011810,
    "tori":     0.005240,
    "atom":     0.026820,
    "jkl":      0.019480,
    "rebus":    0.018240,
    "huahua":   0.017140,
    "strd":     0.126660
}

